index,type,id,sex,age,tail.21,brain,heart,muscle,kidney,liver,lung,blood,intestine,skin,spleen,tail,testis,uterus
7,BG,BG144,F,33,6.9,5.5,4.4,4.4,6.4,4.2,5.0,7.9,5.3,4.3,6.7,5.4,NA,NA
8,BG,BG150,F,36,64.5,49.5,54.7,48.4,55.2,51.9,54.1,50.2,55.2,64.8,59.7,57.4,NA,NA
9,BG,BG154,M,36,23.8,19.3,19.0,24.1,22.4,20.7,25.4,23.0,43.0,21.8,29.5,21.7,29.7,NA
10,BG,BG72,M,66,37.1,19.6,20.8,33.7,32.1,35.1,25.6,28.7,28.9,32.0,53.6,32.1,36.3,NA
11,BG,BG73,M,66,29.7,24.3,11.9,25.7,24.9,17.4,21.7,27.0,25.4,20.8,26.7,36.5,25.6,NA
12,BG,BG49,M,107,9.3,10.1,5.1,6.6,6.9,5.1,8.1,16.3,15.3,13.7,12.9,12.8,15.3,NA
13,BG,BG42,M,108,82.0,76.0,82.2,81.3,84.5,75.9,76.0,80.3,85.3,82.1,81.0,86.5,88.8,NA
14,BG,BG50,M,142,13.5,11.9,11.9,8.6,11.2,9.8,9.6,10.3,18.2,21.7,14.1,22.2,24.2,NA
15,BG,BG52,M,142,6.6,6.3,3.5,4.8,5.0,5.8,6.8,8.6,16.6,7.9,9.7,14.0,10.3,NA
16,BG,BG37,F,143,73.6,71.1,54.0,78.6,70.4,59.0,68.3,84.2,90.1,80.9,69.4,90.0,NA,NA
17,BG,BG39,M,143,81.9,79.8,71.6,79.1,76.7,80.0,83.0,81.4,95.0,82.6,87.5,91.8,NA,NA
18,BG,BG81,M,235,7.9,6.7,5.0,6.3,5.2,6.5,7.1,10.3,14.6,8.7,11.4,17.6,22.4,NA
19,BG,BG886,M,272,15.9,19.4,16.4,15.2,17.9,19.8,24.6,37.6,41.0,30.2,27.4,39.1,51.1,NA
20,BG,BG43,F,276,19.8,17.8,12.5,20.1,15.4,8.4,16.7,25.0,28.2,32.1,21.0,42.1,NA,41.9
21,BG,BG47,F,276,9.1,7.7,4.6,7.8,8.3,4.0,6.3,7.9,28.0,14.3,8.3,24.7,NA,19.0
22,BG,BG48,M,276,11.6,7.0,4.4,5.7,7.3,6.3,1.2,7.9,26.0,9.6,11.7,24.2,20.7,NA
23,BG,BG36,F,277,87.2,81.9,85.7,80.4,85.5,79.2,86.5,89.9,96.0,93.1,89.4,96.6,NA,92.8
24,BG,BG668,M,401,12.6,11.9,6.0,7.9,6.7,11.5,9.3,10.5,32.5,16.6,12.6,30.3,46.2,NA
25,BG,BG669,M,401,10.1,13.7,7.4,16.7,12.8,20.1,12.3,19.9,51.3,28.4,23.0,39.9,51.0,NA
26,BG,BG664,F,404,77.2,81.2,82.2,88.3,87.9,73.2,81.4,93.8,92.5,88.1,89.5,94.4,NA,94.8
27,BG,BG665,M,404,65.5,70.8,75.6,73.2,72.5,65.8,69.3,84.5,87.3,78.2,82.4,91.1,86.9,NA
28,BG,BG77,F,416,16.1,13.2,8.8,15.0,12.0,8.7,10.3,21.1,38.8,27.4,17.4,41.7,NA,33.3
29,BG,BG66,F,416,13.6,16.0,12.8,26.0,17.2,12.2,15.4,25.0,38.6,33.3,24.4,52.7,NA,43.4
30,BG,BG78,F,416,10.8,13.7,10.0,7.5,13.0,10.3,12.1,21.0,36.0,15.7,26.1,39.2,NA,38.0
31,BG,BG139,M,552,86.0,78.4,66.7,73.8,68.4,73.9,82.0,83.5,96.2,92.7,93.4,91.9,97.7,NA
32,BG,BG162,M,601,85.4,85.9,73.4,74.6,76.6,89.3,84.5,94.9,97.7,91.9,93.6,97.2,98.0,NA
33,BG,BG92,F,624,95.7,94.6,84.1,94.3,93.1,84.7,97.1,95.0,99.1,97.7,97.1,98.5,NA,98.1
34,BG,BG446,M,762,90.4,88.6,83.5,89.8,87.4,88.7,86.4,95.4,96.7,97.4,96.6,97.3,96.3,NA
5,LE,LE190,F,37,5.7,8.2,9.1,7.5,8.7,17.9,11.4,10.3,10.4,7.3,8.9,5.4,NA,NA
6,LE,LE191,F,37,0.3,0.6,0.5,1.1,1.2,0.8,1.2,0.8,0.9,0.6,0.2,0.7,NA,NA
7,LE,LE192,M,37,1.2,1.3,2.0,1.0,1.7,3.1,0.6,0.8,3.0,2.0,1.3,1.7,NA,NA
8,LE,LE193,M,37,3.5,2.8,3.5,4.0,2.8,5.9,3.6,4.2,4.7,2.9,3.5,2.8,NA,NA
9,LE,LE88,M,91,2.0,2.1,2.4,4.2,2.1,3.8,3.2,2.6,3.2,2.9,2.1,1.9,NA,NA
10,LE,LE89,M,91,8.0,3.1,3.4,7.0,5.9,5.5,5.3,5.4,6.9,5.3,5.2,4.4,NA,NA
11,LE,LE371,F,120,6.8,10.2,8.2,13.8,10.7,9.9,10.3,11.3,8.4,10.8,10.0,10.4,NA,11.8
12,LE,LE372,F,120,3.5,2.8,2.4,3.4,3.9,4.5,3.4,3.2,4.2,3.2,3.7,4.6,NA,2.6
13,LE,LE373,F,120,9.9,8.2,8.7,6.1,8.2,17.8,8.8,7.0,6.3,7.1,7.4,8.2,NA,NA
14,LE,LE374,F,120,6.0,7.5,6.8,6.1,5.5,9.4,6.6,7.1,8.4,6.7,6.2,6.8,NA,NA
15,LE,LE309,F,155,9.7,13.3,11.9,10.5,15.0,16.7,10.3,12.6,19.0,10.8,15.5,11.4,NA,NA
16,LE,LE310,F,155,8.8,5.4,5.1,6.8,9.1,10.3,9.0,6.2,5.6,5.8,7.7,6.0,NA,NA
17,LE,LE187,F,183,2.2,3.9,3.6,3.2,3.8,6.0,5.0,4.0,3.3,3.2,3.5,2.7,NA,NA
18,LE,LE83,F,219,6.3,5.1,3.3,6.9,6.3,9.6,4.7,10.9,7.5,6.3,4.0,7.7,NA,NA
19,LE,LE85,F,219,5.9,6.0,5.5,4.7,8.3,14.8,6.7,8.5,12.5,6.7,6.4,4.3,NA,NA
20,LE,LE367,F,274,8.4,7.3,7.9,5.4,7.1,7.9,7.1,5.9,6.1,6.9,7.7,6.3,NA,9.7
21,LE,LE368,F,274,1.6,2.0,2.2,1.5,2.0,4.2,1.3,2.2,1.8,2.2,2.2,1.4,NA,2.0
22,LE,LE369,F,274,19.3,17.8,18.9,18.5,27.5,36.4,31.4,27.1,22.8,20.6,28.0,21.3,NA,20.0
23,LE,LE729,F,326,9.7,8.9,9.9,8.0,14.1,21.3,15.5,13.3,23.8,14.4,15.5,12.7,NA,NA
24,LE,LE730,M,326,12.8,10.7,10.3,10.9,10.9,31.7,13.7,22.6,11.8,12.0,13.7,8.4,NA,NA
25,LE,LE370,F,346,12.0,14.3,14.9,12.5,24.1,21.2,15.1,19.1,21.5,10.9,19.2,11.8,NA,18.9
26,LE,LE398,F,360,1.9,2.3,2.9,1.9,3.2,5.7,3.8,2.1,3.0,2.5,3.0,1.9,NA,4.1
27,LE,LE399,F,360,0.4,0.2,0.6,0.2,0.6,1.4,0.5,1.2,0.7,0.5,0.6,0.4,NA,0.8
28,LE,LE195,M,388,10.1,16.3,16.3,10.6,24.9,28.9,16.0,14.3,18.6,9.8,19.2,11.4,NA,NA
29,LE,LE196,M,388,0.7,0.4,0.6,0.3,1.1,1.7,0.2,0.5,0.4,1.3,0.8,0.6,NA,NA
30,LE,LE587,F,501,30.0,38.8,28.6,45.2,66.7,79.7,55.8,49.4,69.3,52.2,65.0,48.9,NA,NA
31,LE,LE583,F,516,8.2,7.4,7.3,6.8,12.1,22.8,19.7,9.6,13.8,7.9,18.1,4.6,NA,NA